{
	"credit": "Made with Blockbench",
	"texture_size": [112, 112],
	"textures": {
		"ae86": "greasengears:vehicle/ae86"
	},
	"elements": [
		{
			"from": [16, 7.15685, 11.65685],
			"to": [17, 13.15685, 12.65685],
			"rotation": {"angle": -37.5, "axis": "x", "origin": [16, 13.65685, 13.65685]},
			"faces": {
				"north": {"uv": [4, 7.71429, 4.14286, 8.57143], "texture": "#ae86", "tintindex": 0},
				"east": {"uv": [10.85714, 12.57143, 11, 13.42857], "texture": "#ae86", "tintindex": 0},
				"south": {"uv": [11, 12.57143, 11.14286, 13.42857], "texture": "#ae86", "tintindex": 0},
				"west": {"uv": [11.14286, 12.57143, 11.28571, 13.42857], "texture": "#ae86", "tintindex": 0},
				"up": {"uv": [13.71429, 2.14286, 13.57143, 2], "texture": "#ae86", "tintindex": 0},
				"down": {"uv": [13.71429, 2.14286, 13.57143, 2.28571], "texture": "#ae86", "tintindex": 0}
			}
		},
		{
			"from": [16, 11.65685, 5.80685],
			"to": [17, 12.65141, 13.16788],
			"rotation": {"angle": 0, "axis": "y", "origin": [16, -0.34315, 4.55685]},
			"faces": {
				"north": {"uv": [13.42857, 12.71429, 13.57143, 12.85714], "texture": "#ae86", "tintindex": 0},
				"east": {"uv": [4.85714, 8.85714, 5.85714, 9], "texture": "#ae86", "tintindex": 0},
				"south": {"uv": [13.42857, 12.85714, 13.57143, 13], "texture": "#ae86", "tintindex": 0},
				"west": {"uv": [1.57143, 10.57143, 2.57143, 10.71429], "texture": "#ae86", "tintindex": 0},
				"up": {"uv": [10.71429, 13.42857, 10.57143, 12.42857], "texture": "#ae86", "tintindex": 0},
				"down": {"uv": [10.85714, 12.42857, 10.71429, 13.42857], "texture": "#ae86", "tintindex": 0}
			}
		},
		{
			"from": [16, 8, 4.96923],
			"to": [17, 12.91722, 5.9],
			"rotation": {"angle": 10, "axis": "x", "origin": [16, 8, 3.9]},
			"faces": {
				"north": {"uv": [12.57143, 12.71429, 12.71429, 13.42857], "texture": "#ae86", "tintindex": 0},
				"east": {"uv": [12.71429, 12.71429, 12.85714, 13.42857], "texture": "#ae86", "tintindex": 0},
				"south": {"uv": [0.85714, 12.85714, 1, 13.57143], "texture": "#ae86", "tintindex": 0},
				"west": {"uv": [1, 12.85714, 1.14286, 13.57143], "texture": "#ae86", "tintindex": 0},
				"up": {"uv": [13.57143, 12.57143, 13.42857, 12.42857], "texture": "#ae86", "tintindex": 0},
				"down": {"uv": [12.71429, 13.42857, 12.57143, 13.57143], "texture": "#ae86", "tintindex": 0}
			}
		},
		{
			"from": [16, 0, 5],
			"to": [17, 8, 17],
			"rotation": {"angle": 0, "axis": "y", "origin": [0, 0, 6]},
			"faces": {
				"north": {"uv": [9.14286, 12.42857, 9.28571, 13.57143], "texture": "#ae86", "tintindex": 0},
				"east": {"uv": [7.42857, 2.57143, 9.14286, 3.71429], "texture": "#ae86", "tintindex": 0},
				"south": {"uv": [9.28571, 12.42857, 9.42857, 13.57143], "texture": "#ae86", "tintindex": 0},
				"west": {"uv": [4.14286, 7.42857, 5.85714, 8.57143], "texture": "#ae86", "tintindex": 0},
				"up": {"uv": [1.71429, 14, 1.57143, 12.28571], "texture": "#ae86", "tintindex": 0},
				"down": {"uv": [1.85714, 12.28571, 1.71429, 14], "texture": "#ae86", "tintindex": 0}
			}
		}
	],
	"groups": [
		{
			"name": "door2",
			"origin": [0, 0, 6],
			"color": 0,
			"children": [0, 1, 2, 3]
		}
	]
}