{
	"credit": "Made with Blockbench",
	"texture_size": [112, 112],
	"textures": {
		"ae86": "greasengears:vehicle/ae86"
	},
	"elements": [
		{
			"from": [-1, 0, 5],
			"to": [0, 8, 17],
			"rotation": {"angle": 0, "axis": "y", "origin": [-17, 0, 6]},
			"faces": {
				"north": {"uv": [10.28571, 12.42857, 10.42857, 13.57143], "texture": "#ae86", "tintindex": 0},
				"east": {"uv": [2.28571, 7.71429, 4, 8.85714], "texture": "#ae86", "tintindex": 0},
				"south": {"uv": [10.42857, 12.42857, 10.57143, 13.57143], "texture": "#ae86", "tintindex": 0},
				"west": {"uv": [8.14286, 8.14286, 9.85714, 9.28571], "texture": "#ae86", "tintindex": 0},
				"up": {"uv": [2, 14, 1.85714, 12.28571], "texture": "#ae86", "tintindex": 0},
				"down": {"uv": [2.14286, 12.28571, 2, 14], "texture": "#ae86", "tintindex": 0}
			}
		},
		{
			"from": [-1, 7.15685, 11.65685],
			"to": [0, 13.15685, 12.65685],
			"rotation": {"angle": -37.5, "axis": "x", "origin": [-1, 13.65685, 13.65685]},
			"faces": {
				"north": {"uv": [11.28571, 12.57143, 11.42857, 13.42857], "texture": "#ae86", "tintindex": 0},
				"east": {"uv": [11.42857, 12.57143, 11.57143, 13.42857], "texture": "#ae86", "tintindex": 0},
				"south": {"uv": [11.57143, 12.57143, 11.71429, 13.42857], "texture": "#ae86", "tintindex": 0},
				"west": {"uv": [11.71429, 12.57143, 11.85714, 13.42857], "texture": "#ae86", "tintindex": 0},
				"up": {"uv": [13.71429, 3.71429, 13.57143, 3.57143], "texture": "#ae86", "tintindex": 0},
				"down": {"uv": [13.71429, 3.71429, 13.57143, 3.85714], "texture": "#ae86", "tintindex": 0}
			}
		},
		{
			"from": [-1, 11.65685, 5.80685],
			"to": [0, 12.65141, 13.16788],
			"rotation": {"angle": 0, "axis": "y", "origin": [0, -0.34315, 4.55685]},
			"faces": {
				"north": {"uv": [13.57143, 3.14286, 13.71429, 3.28571], "texture": "#ae86", "tintindex": 0},
				"east": {"uv": [10.85714, 12.42857, 11.85714, 12.57143], "texture": "#ae86", "tintindex": 0},
				"south": {"uv": [13.57143, 3.42857, 13.71429, 3.57143], "texture": "#ae86", "tintindex": 0},
				"west": {"uv": [12.57143, 3.42857, 13.57143, 3.57143], "texture": "#ae86", "tintindex": 0},
				"up": {"uv": [12, 13.42857, 11.85714, 12.42857], "texture": "#ae86", "tintindex": 0},
				"down": {"uv": [12.14286, 12.42857, 12, 13.42857], "texture": "#ae86", "tintindex": 0}
			}
		},
		{
			"from": [-1, 8, 4.96923],
			"to": [0, 12.91722, 5.9],
			"rotation": {"angle": 10, "axis": "x", "origin": [-1, 8, 3.9]},
			"faces": {
				"north": {"uv": [5.71429, 13, 5.85714, 13.71429], "texture": "#ae86", "tintindex": 0},
				"east": {"uv": [5.85714, 13, 6, 13.71429], "texture": "#ae86", "tintindex": 0},
				"south": {"uv": [8, 13, 8.14286, 13.71429], "texture": "#ae86", "tintindex": 0},
				"west": {"uv": [8.14286, 13, 8.28571, 13.71429], "texture": "#ae86", "tintindex": 0},
				"up": {"uv": [13.71429, 2.42857, 13.57143, 2.28571], "texture": "#ae86", "tintindex": 0},
				"down": {"uv": [13.71429, 3, 13.57143, 3.14286], "texture": "#ae86", "tintindex": 0}
			}
		}
	],
	"groups": [
		{
			"name": "door1",
			"origin": [-1, 8, 3.9],
			"color": 0,
			"children": [0, 1, 2, 3]
		}
	]
}